time_sec,intensity
0,0.09934283060224654
1,0.4517726783699661
2,0.971008692428035
3,1.0
4,0.8624667518810145
5,0.5516447527141203
6,0.45696257116134553
7,0.19729628185903808
8,0.8506973724949186
9,0.8690181089479041
10,1.0
11,0.7986862762844433
12,0.23102304388571904
13,0.16753606084374406
14,0.3120030322161825
15,0.8255424709265443
16,0.786792022556497
17,0.861336579142545
18,0.2305136701375144
19,0.35761186072886764
